Timestamp,Tag,Count
2025-10-07 13:18:37,AEM,1
2025-10-07 13:18:37,AI,4
2025-10-07 13:18:37,ATS,1
2025-10-07 13:18:37,AnomalyDetection,1
2025-10-07 13:18:37,AutoCAD,1
2025-10-07 13:18:37,Automation,3
2025-10-07 13:18:37,Award,1
2025-10-07 13:18:37,BenchTesting,2
2025-10-07 13:18:37,Broadcast,1
2025-10-07 13:18:37,CSUMB,1
2025-10-07 13:18:37,Calibration,1
2025-10-07 13:18:37,CameraIntegration,1
2025-10-07 13:18:37,Capstone,1
2025-10-07 13:18:37,CareerFocus,1
2025-10-07 13:18:37,Collaboration,3
2025-10-07 13:18:37,Communication,2
2025-10-07 13:18:37,Configuration,1
2025-10-07 13:18:37,CoreExpertise,1
2025-10-07 13:18:37,Coursework,1
2025-10-07 13:18:37,CriticalThinking,4
2025-10-07 13:18:37,CrossTeam,3
2025-10-07 13:18:37,CustomerCollaboration,1
2025-10-07 13:18:37,CustomerSolutions,1
2025-10-07 13:18:37,CustomerSupport,4
2025-10-07 13:18:37,DataAcquisition,1
2025-10-07 13:18:37,DataAnalysis,4
2025-10-07 13:18:37,DataFlow,1
2025-10-07 13:18:37,DataHosting,1
2025-10-07 13:18:37,DataIntegration,1
2025-10-07 13:18:37,DataServices,1
2025-10-07 13:18:37,DatabaseCleanup,1
2025-10-07 13:18:37,DesktopSupport,1
2025-10-07 13:18:37,Documentation,6
2025-10-07 13:18:37,ERP,1
2025-10-07 13:18:37,Editing,1
2025-10-07 13:18:37,ElectroMechanical,1
2025-10-07 13:18:37,Embedded,1
2025-10-07 13:18:37,Engineering,1
2025-10-07 13:18:37,EnvironmentalMonitoring,2
2025-10-07 13:18:37,Evaluation,1
2025-10-07 13:18:37,FieldToCloud,1
2025-10-07 13:18:37,FloodWarning,1
2025-10-07 13:18:37,FollowThrough,1
2025-10-07 13:18:37,HSE,2
2025-10-07 13:18:37,HardwareUpgrade,1
2025-10-07 13:18:37,IT,1
2025-10-07 13:18:37,ITMigration,1
2025-10-07 13:18:37,ITSystems,1
2025-10-07 13:18:37,Integration,5
2025-10-07 13:18:37,IntegrationTesting,1
2025-10-07 13:18:37,InvestmentBacked,1
2025-10-07 13:18:37,IoT,4
2025-10-07 13:18:37,Journalism,2
2025-10-07 13:18:37,Leadership,4
2025-10-07 13:18:37,MRP,1
2025-10-07 13:18:37,Maintenance,1
2025-10-07 13:18:37,Mechatronics,2
2025-10-07 13:18:37,Microsoft,1
2025-10-07 13:18:37,NetworkManagement,1
2025-10-07 13:18:37,Networking,2
2025-10-07 13:18:37,Optimization,1
2025-10-07 13:18:37,Organization,1
2025-10-07 13:18:37,PTZCamera,1
2025-10-07 13:18:37,PhotoJournalism,1
2025-10-07 13:18:37,PredictiveMaintenance,3
2025-10-07 13:18:37,Presentations,1
2025-10-07 13:18:37,ProblemSolving,5
2025-10-07 13:18:37,Procedures,3
2025-10-07 13:18:37,ProcessAnalysis,1
2025-10-07 13:18:37,ProcessDesign,1
2025-10-07 13:18:37,ProcessImprovement,3
2025-10-07 13:18:37,ProjectExecution,1
2025-10-07 13:18:37,ProjectManagement,7
2025-10-07 13:18:37,ProjectPlanning,4
2025-10-07 13:18:37,Python,2
2025-10-07 13:18:37,QualityAssurance,2
2025-10-07 13:18:37,RFAnalysis,1
2025-10-07 13:18:37,Reporting,1
2025-10-07 13:18:37,Robotics,1
2025-10-07 13:18:37,Sensors,2
2025-10-07 13:18:37,SoftSkills,1
2025-10-07 13:18:37,Software,1
2025-10-07 13:18:37,SoftwareInstallation,1
2025-10-07 13:18:37,SoftwareMigration,1
2025-10-07 13:18:37,StakeholderAlignment,1
2025-10-07 13:18:37,StakeholderCommunication,1
2025-10-07 13:18:37,StrategicImpact,1
2025-10-07 13:18:37,StrategicThinking,1
2025-10-07 13:18:37,Support,1
2025-10-07 13:18:37,SystemAdministration,1
2025-10-07 13:18:37,SystemConfiguration,4
2025-10-07 13:18:37,SystemImplementation,1
2025-10-07 13:18:37,SystemOptimization,3
2025-10-07 13:18:37,SystemRecovery,1
2025-10-07 13:18:37,SystemSetup,1
2025-10-07 13:18:37,SystemSupport,1
2025-10-07 13:18:37,SystemThinking,1
2025-10-07 13:18:37,SystemValidation,1
2025-10-07 13:18:37,SystemsAnalysis,1
2025-10-07 13:18:37,TechnicalImplementation,2
2025-10-07 13:18:37,TechnicalLiteracy,1
2025-10-07 13:18:37,TechnicalProficiency,1
2025-10-07 13:18:37,TechnicalProject,1
2025-10-07 13:18:37,TechnicalSupport,2
2025-10-07 13:18:37,TechnicalTraining,1
2025-10-07 13:18:37,TechnicalWriting,1
2025-10-07 13:18:37,Testing,3
2025-10-07 13:18:37,TimelineManagement,1
2025-10-07 13:18:37,Training,2
2025-10-07 13:18:37,Troubleshooting,2
2025-10-07 13:18:37,Validation,3
2025-10-07 13:18:37,WorkflowAutomation,1
2025-10-07 13:18:37,Writing,2
2025-10-07 13:18:37,tag,4
2025-10-07 13:19:50,AEM,1
2025-10-07 13:19:50,AI,4
2025-10-07 13:19:50,ATS,1
2025-10-07 13:19:50,AnomalyDetection,1
2025-10-07 13:19:50,AutoCAD,1
2025-10-07 13:19:50,Automation,3
2025-10-07 13:19:50,Award,1
2025-10-07 13:19:50,BenchTesting,2
2025-10-07 13:19:50,Broadcast,1
2025-10-07 13:19:50,CSUMB,1
2025-10-07 13:19:50,Calibration,1
2025-10-07 13:19:50,CameraIntegration,1
2025-10-07 13:19:50,Capstone,1
2025-10-07 13:19:50,CareerFocus,1
2025-10-07 13:19:50,Collaboration,3
2025-10-07 13:19:50,Communication,2
2025-10-07 13:19:50,Configuration,1
2025-10-07 13:19:50,CoreExpertise,1
2025-10-07 13:19:50,Coursework,1
2025-10-07 13:19:50,CriticalThinking,4
2025-10-07 13:19:50,CrossTeam,3
2025-10-07 13:19:50,CustomerCollaboration,1
2025-10-07 13:19:50,CustomerSolutions,1
2025-10-07 13:19:50,CustomerSupport,5
2025-10-07 13:19:50,DataAcquisition,1
2025-10-07 13:19:50,DataAnalysis,4
2025-10-07 13:19:50,DataFlow,1
2025-10-07 13:19:50,DataHosting,1
2025-10-07 13:19:50,DataIntegration,1
2025-10-07 13:19:50,DataServices,1
2025-10-07 13:19:50,DatabaseCleanup,1
2025-10-07 13:19:50,DesktopSupport,1
2025-10-07 13:19:50,Documentation,6
2025-10-07 13:19:50,ERP,1
2025-10-07 13:19:50,Editing,1
2025-10-07 13:19:50,ElectroMechanical,1
2025-10-07 13:19:50,Embedded,1
2025-10-07 13:19:50,Engineering,1
2025-10-07 13:19:50,EnvironmentalMonitoring,2
2025-10-07 13:19:50,Evaluation,1
2025-10-07 13:19:50,FieldToCloud,1
2025-10-07 13:19:50,FloodWarning,1
2025-10-07 13:19:50,FollowThrough,1
2025-10-07 13:19:50,HSE,2
2025-10-07 13:19:50,HardwareUpgrade,1
2025-10-07 13:19:50,IT,1
2025-10-07 13:19:50,ITMigration,1
2025-10-07 13:19:50,ITSystems,1
2025-10-07 13:19:50,Integration,5
2025-10-07 13:19:50,IntegrationTesting,1
2025-10-07 13:19:50,InvestmentBacked,1
2025-10-07 13:19:50,IoT,4
2025-10-07 13:19:50,Journalism,3
2025-10-07 13:19:50,Leadership,4
2025-10-07 13:19:50,MRP,1
2025-10-07 13:19:50,Maintenance,1
2025-10-07 13:19:50,Mechatronics,2
2025-10-07 13:19:50,Microsoft,1
2025-10-07 13:19:50,NetworkManagement,1
2025-10-07 13:19:50,Networking,2
2025-10-07 13:19:50,Optimization,1
2025-10-07 13:19:50,Organization,1
2025-10-07 13:19:50,PTZCamera,1
2025-10-07 13:19:50,PhotoJournalism,1
2025-10-07 13:19:50,PredictiveMaintenance,3
2025-10-07 13:19:50,Presentations,1
2025-10-07 13:19:50,ProblemSolving,5
2025-10-07 13:19:50,Procedures,3
2025-10-07 13:19:50,ProcessAnalysis,1
2025-10-07 13:19:50,ProcessDesign,1
2025-10-07 13:19:50,ProcessImprovement,3
2025-10-07 13:19:50,ProjectExecution,1
2025-10-07 13:19:50,ProjectManagement,7
2025-10-07 13:19:50,ProjectPlanning,4
2025-10-07 13:19:50,Python,2
2025-10-07 13:19:50,QualityAssurance,2
2025-10-07 13:19:50,RFAnalysis,1
2025-10-07 13:19:50,Reporting,1
2025-10-07 13:19:50,Robotics,1
2025-10-07 13:19:50,Sensors,2
2025-10-07 13:19:50,SoftSkills,1
2025-10-07 13:19:50,Software,1
2025-10-07 13:19:50,SoftwareInstallation,1
2025-10-07 13:19:50,SoftwareMigration,1
2025-10-07 13:19:50,StakeholderAlignment,1
2025-10-07 13:19:50,StakeholderCommunication,1
2025-10-07 13:19:50,StrategicImpact,1
2025-10-07 13:19:50,StrategicThinking,1
2025-10-07 13:19:50,Support,1
2025-10-07 13:19:50,SystemAdministration,1
2025-10-07 13:19:50,SystemConfiguration,4
2025-10-07 13:19:50,SystemImplementation,1
2025-10-07 13:19:50,SystemOptimization,3
2025-10-07 13:19:50,SystemRecovery,1
2025-10-07 13:19:50,SystemSetup,1
2025-10-07 13:19:50,SystemSupport,1
2025-10-07 13:19:50,SystemThinking,1
2025-10-07 13:19:50,SystemValidation,1
2025-10-07 13:19:50,SystemsAnalysis,1
2025-10-07 13:19:50,TechnicalImplementation,2
2025-10-07 13:19:50,TechnicalLiteracy,1
2025-10-07 13:19:50,TechnicalProficiency,1
2025-10-07 13:19:50,TechnicalProject,1
2025-10-07 13:19:50,TechnicalSupport,2
2025-10-07 13:19:50,TechnicalTraining,1
2025-10-07 13:19:50,TechnicalWriting,1
2025-10-07 13:19:50,Testing,3
2025-10-07 13:19:50,TimelineManagement,1
2025-10-07 13:19:50,Training,2
2025-10-07 13:19:50,Troubleshooting,2
2025-10-07 13:19:50,Validation,3
2025-10-07 13:19:50,WorkflowAutomation,1
2025-10-07 13:19:50,Writing,2
2025-10-07 13:19:50,tag,4
2025-10-07 13:29:23,AEM,1
2025-10-07 13:29:23,AI,4
2025-10-07 13:29:23,ATS,1
2025-10-07 13:29:23,AnomalyDetection,1
2025-10-07 13:29:23,AutoCAD,1
2025-10-07 13:29:23,Automation,3
2025-10-07 13:29:23,Award,1
2025-10-07 13:29:23,BenchTesting,2
2025-10-07 13:29:23,Broadcast,1
2025-10-07 13:29:23,CSUMB,1
2025-10-07 13:29:23,Calibration,1
2025-10-07 13:29:23,CameraIntegration,1
2025-10-07 13:29:23,Capstone,1
2025-10-07 13:29:23,CareerFocus,1
2025-10-07 13:29:23,Collaboration,3
2025-10-07 13:29:23,Communication,2
2025-10-07 13:29:23,Configuration,1
2025-10-07 13:29:23,CoreExpertise,1
2025-10-07 13:29:23,Coursework,1
2025-10-07 13:29:23,CriticalThinking,4
2025-10-07 13:29:23,CrossTeam,3
2025-10-07 13:29:23,CustomerCollaboration,1
2025-10-07 13:29:23,CustomerSolutions,1
2025-10-07 13:29:23,CustomerSupport,5
2025-10-07 13:29:23,DataAcquisition,1
2025-10-07 13:29:23,DataAnalysis,4
2025-10-07 13:29:23,DataFlow,1
2025-10-07 13:29:23,DataHosting,1
2025-10-07 13:29:23,DataIntegration,1
2025-10-07 13:29:23,DataServices,1
2025-10-07 13:29:23,DatabaseCleanup,1
2025-10-07 13:29:23,DesktopSupport,1
2025-10-07 13:29:23,Documentation,6
2025-10-07 13:29:23,ERP,1
2025-10-07 13:29:23,Editing,1
2025-10-07 13:29:23,ElectroMechanical,1
2025-10-07 13:29:23,Embedded,1
2025-10-07 13:29:23,Engineering,1
2025-10-07 13:29:23,EnvironmentalMonitoring,2
2025-10-07 13:29:23,Evaluation,1
2025-10-07 13:29:23,FieldToCloud,1
2025-10-07 13:29:23,FloodWarning,1
2025-10-07 13:29:23,FollowThrough,1
2025-10-07 13:29:23,HSE,2
2025-10-07 13:29:23,HardwareUpgrade,1
2025-10-07 13:29:23,IT,1
2025-10-07 13:29:23,ITMigration,1
2025-10-07 13:29:23,ITSystems,1
2025-10-07 13:29:23,Integration,5
2025-10-07 13:29:23,IntegrationTesting,1
2025-10-07 13:29:23,InvestmentBacked,1
2025-10-07 13:29:23,IoT,4
2025-10-07 13:29:23,Journalism,3
2025-10-07 13:29:23,Leadership,4
2025-10-07 13:29:23,MRP,1
2025-10-07 13:29:23,Maintenance,1
2025-10-07 13:29:23,Mechatronics,2
2025-10-07 13:29:23,Microsoft,1
2025-10-07 13:29:23,NetworkManagement,1
2025-10-07 13:29:23,Networking,2
2025-10-07 13:29:23,Optimization,1
2025-10-07 13:29:23,Organization,1
2025-10-07 13:29:23,PTZCamera,1
2025-10-07 13:29:23,PhotoJournalism,1
2025-10-07 13:29:23,PredictiveMaintenance,3
2025-10-07 13:29:23,Presentations,1
2025-10-07 13:29:23,ProblemSolving,5
2025-10-07 13:29:23,Procedures,3
2025-10-07 13:29:23,ProcessAnalysis,1
2025-10-07 13:29:23,ProcessDesign,1
2025-10-07 13:29:23,ProcessImprovement,3
2025-10-07 13:29:23,ProjectExecution,1
2025-10-07 13:29:23,ProjectManagement,7
2025-10-07 13:29:23,ProjectPlanning,4
2025-10-07 13:29:23,Python,2
2025-10-07 13:29:23,QualityAssurance,2
2025-10-07 13:29:23,RFAnalysis,1
2025-10-07 13:29:23,Reporting,1
2025-10-07 13:29:23,Robotics,1
2025-10-07 13:29:23,Sensors,2
2025-10-07 13:29:23,SoftSkills,1
2025-10-07 13:29:23,Software,1
2025-10-07 13:29:23,SoftwareInstallation,1
2025-10-07 13:29:23,SoftwareMigration,1
2025-10-07 13:29:23,StakeholderAlignment,1
2025-10-07 13:29:23,StakeholderCommunication,1
2025-10-07 13:29:23,StrategicImpact,1
2025-10-07 13:29:23,StrategicThinking,1
2025-10-07 13:29:23,Support,1
2025-10-07 13:29:23,SystemAdministration,1
2025-10-07 13:29:23,SystemConfiguration,4
2025-10-07 13:29:23,SystemImplementation,1
2025-10-07 13:29:23,SystemOptimization,3
2025-10-07 13:29:23,SystemRecovery,1
2025-10-07 13:29:23,SystemSetup,1
2025-10-07 13:29:23,SystemSupport,1
2025-10-07 13:29:23,SystemThinking,1
2025-10-07 13:29:23,SystemValidation,1
2025-10-07 13:29:23,SystemsAnalysis,1
2025-10-07 13:29:23,TechnicalImplementation,2
2025-10-07 13:29:23,TechnicalLiteracy,1
2025-10-07 13:29:23,TechnicalProficiency,1
2025-10-07 13:29:23,TechnicalProject,1
2025-10-07 13:29:23,TechnicalSupport,2
2025-10-07 13:29:23,TechnicalTraining,1
2025-10-07 13:29:23,TechnicalWriting,1
2025-10-07 13:29:23,Testing,3
2025-10-07 13:29:23,TimelineManagement,1
2025-10-07 13:29:23,Training,2
2025-10-07 13:29:23,Troubleshooting,2
2025-10-07 13:29:23,Validation,3
2025-10-07 13:29:23,WorkflowAutomation,1
2025-10-07 13:29:23,Writing,2
2025-10-07 13:29:23,tag,4
2025-10-07 13:30:07,AEM,1
2025-10-07 13:30:07,AI,4
2025-10-07 13:30:07,ATS,1
2025-10-07 13:30:07,AnomalyDetection,1
2025-10-07 13:30:07,AutoCAD,1
2025-10-07 13:30:07,Automation,3
2025-10-07 13:30:07,Award,1
2025-10-07 13:30:07,BenchTesting,2
2025-10-07 13:30:07,Broadcast,1
2025-10-07 13:30:07,CSUMB,1
2025-10-07 13:30:07,Calibration,1
2025-10-07 13:30:07,CameraIntegration,1
2025-10-07 13:30:07,Capstone,1
2025-10-07 13:30:07,CareerFocus,1
2025-10-07 13:30:07,Collaboration,3
2025-10-07 13:30:07,Communication,3
2025-10-07 13:30:07,Configuration,1
2025-10-07 13:30:07,CoreExpertise,1
2025-10-07 13:30:07,Coursework,1
2025-10-07 13:30:07,CriticalThinking,4
2025-10-07 13:30:07,CrossTeam,3
2025-10-07 13:30:07,CustomerCollaboration,1
2025-10-07 13:30:07,CustomerSolutions,1
2025-10-07 13:30:07,CustomerSupport,5
2025-10-07 13:30:07,DataAcquisition,1
2025-10-07 13:30:07,DataAnalysis,4
2025-10-07 13:30:07,DataFlow,1
2025-10-07 13:30:07,DataHosting,1
2025-10-07 13:30:07,DataIntegration,1
2025-10-07 13:30:07,DataServices,1
2025-10-07 13:30:07,DatabaseCleanup,1
2025-10-07 13:30:07,DesktopSupport,1
2025-10-07 13:30:07,Documentation,6
2025-10-07 13:30:07,ERP,1
2025-10-07 13:30:07,ElectroMechanical,1
2025-10-07 13:30:07,Embedded,1
2025-10-07 13:30:07,Engineering,1
2025-10-07 13:30:07,EnvironmentalMonitoring,2
2025-10-07 13:30:07,Evaluation,1
2025-10-07 13:30:07,FieldToCloud,1
2025-10-07 13:30:07,FloodWarning,1
2025-10-07 13:30:07,FollowThrough,1
2025-10-07 13:30:07,HSE,2
2025-10-07 13:30:07,HardwareUpgrade,1
2025-10-07 13:30:07,IT,1
2025-10-07 13:30:07,ITMigration,1
2025-10-07 13:30:07,ITSystems,1
2025-10-07 13:30:07,Integration,5
2025-10-07 13:30:07,IntegrationTesting,1
2025-10-07 13:30:07,InvestmentBacked,1
2025-10-07 13:30:07,IoT,4
2025-10-07 13:30:07,Jellybeans,1
2025-10-07 13:30:07,Journalism,3
2025-10-07 13:30:07,Leadership,4
2025-10-07 13:30:07,MRP,1
2025-10-07 13:30:07,Maintenance,1
2025-10-07 13:30:07,Mechatronics,2
2025-10-07 13:30:07,Microsoft,1
2025-10-07 13:30:07,NetworkManagement,1
2025-10-07 13:30:07,Networking,2
2025-10-07 13:30:07,Optimization,1
2025-10-07 13:30:07,Organization,1
2025-10-07 13:30:07,PTZCamera,1
2025-10-07 13:30:07,PhotoJournalism,1
2025-10-07 13:30:07,PredictiveMaintenance,3
2025-10-07 13:30:07,Presentations,1
2025-10-07 13:30:07,ProblemSolving,5
2025-10-07 13:30:07,Procedures,3
2025-10-07 13:30:07,ProcessAnalysis,1
2025-10-07 13:30:07,ProcessDesign,1
2025-10-07 13:30:07,ProcessImprovement,3
2025-10-07 13:30:07,ProjectExecution,1
2025-10-07 13:30:07,ProjectManagement,7
2025-10-07 13:30:07,ProjectPlanning,4
2025-10-07 13:30:07,Python,2
2025-10-07 13:30:07,QualityAssurance,2
2025-10-07 13:30:07,RFAnalysis,1
2025-10-07 13:30:07,Reporting,1
2025-10-07 13:30:07,Robotics,1
2025-10-07 13:30:07,Sensors,2
2025-10-07 13:30:07,SoftSkills,1
2025-10-07 13:30:07,Software,1
2025-10-07 13:30:07,SoftwareInstallation,1
2025-10-07 13:30:07,SoftwareMigration,1
2025-10-07 13:30:07,StakeholderAlignment,1
2025-10-07 13:30:07,StakeholderCommunication,1
2025-10-07 13:30:07,StrategicImpact,1
2025-10-07 13:30:07,StrategicThinking,1
2025-10-07 13:30:07,Support,1
2025-10-07 13:30:07,SystemAdministration,1
2025-10-07 13:30:07,SystemConfiguration,4
2025-10-07 13:30:07,SystemImplementation,1
2025-10-07 13:30:07,SystemOptimization,3
2025-10-07 13:30:07,SystemRecovery,1
2025-10-07 13:30:07,SystemSetup,1
2025-10-07 13:30:07,SystemSupport,1
2025-10-07 13:30:07,SystemThinking,1
2025-10-07 13:30:07,SystemValidation,1
2025-10-07 13:30:07,SystemsAnalysis,1
2025-10-07 13:30:07,TechnicalImplementation,2
2025-10-07 13:30:07,TechnicalLiteracy,1
2025-10-07 13:30:07,TechnicalProficiency,1
2025-10-07 13:30:07,TechnicalProject,1
2025-10-07 13:30:07,TechnicalSupport,2
2025-10-07 13:30:07,TechnicalTraining,1
2025-10-07 13:30:07,TechnicalWriting,1
2025-10-07 13:30:07,Testing,3
2025-10-07 13:30:07,TimelineManagement,1
2025-10-07 13:30:07,Training,2
2025-10-07 13:30:07,Troubleshooting,2
2025-10-07 13:30:07,Validation,3
2025-10-07 13:30:07,WorkflowAutomation,1
2025-10-07 13:30:07,Writing,2
2025-10-07 13:30:07,tag,4
